Imagen,Centro_X,Centro_Y,Radio,Fitness
../imgs/C01.bmp,128.0,128.0,32.56,187.0
../imgs/C01.bmp,128.05,128.52,32.91,187.0
../imgs/C01.bmp,128.0,128.14,32.15,187.0
../imgs/C01.bmp,128.33,128.22,32.61,187.0
../imgs/C01.bmp,128.21,128.61,32.65,187.0
../imgs/C01.bmp,128.28,128.67,32.02,187.0
../imgs/C01.bmp,128.38,128.24,32.16,187.0
../imgs/C01.bmp,128.28,128.18,32.75,187.0
../imgs/C01.bmp,105.5,104.5,0.71,360.0
../imgs/C01.bmp,105.5,151.5,0.71,360.0
../imgs/C01.bmp,128.43,128.0,32.98,187.0
../imgs/C01.bmp,128.34,128.11,32.73,187.0
../imgs/C01.bmp,128.36,128.78,32.29,187.0
../imgs/C01.bmp,149.5,105.5,0.71,360.0
../imgs/C01.bmp,149.5,105.5,0.71,360.0
../imgs/C01.bmp,147.5,103.5,0.71,360.0
../imgs/C01.bmp,149.5,105.5,0.71,360.0
../imgs/C01.bmp,128.01,128.5,32.51,187.0
../imgs/C01.bmp,128.05,128.42,32.98,187.0
../imgs/C01.bmp,105.5,104.5,0.71,360.0
../imgs/C01.bmp,128.02,128.32,32.32,187.0
../imgs/C01.bmp,128.25,128.5,32.02,187.0
../imgs/C01.bmp,128.39,128.22,32.25,187.0
../imgs/C01.bmp,128.33,128.35,32.35,187.0
../imgs/C01.bmp,143.5,100.5,0.71,360.0
../imgs/C01.bmp,105.5,151.5,0.71,360.0
../imgs/C01.bmp,128.91,128.64,32.87,187.0
../imgs/C01.bmp,128.05,128.41,32.98,187.0
../imgs/C01.bmp,128.47,128.59,32.07,187.0
../imgs/C01.bmp,128.14,128.35,32.61,187.0
../imgs/C01.bmp,128.08,128.22,32.68,187.0
../imgs/C01.bmp,128.13,128.17,32.75,187.0
../imgs/C01.bmp,143.5,100.5,0.71,360.0
../imgs/C01.bmp,128.1,128.09,32.22,187.0
../imgs/C01.bmp,128.0,128.0,32.56,187.0
../imgs/C01.bmp,128.5,128.52,32.52,187.0
../imgs/C01.bmp,128.22,128.05,32.92,187.0
../imgs/C01.bmp,128.28,128.72,32.23,187.0
../imgs/C01.bmp,128.86,128.32,32.55,187.0
../imgs/C01.bmp,128.15,128.0,32.84,187.0
../imgs/C01.bmp,128.39,128.23,32.86,187.0
../imgs/C01.bmp,128.21,128.06,32.65,187.0
../imgs/C01.bmp,128.67,128.49,32.66,187.0
../imgs/C01.bmp,128.17,128.49,32.29,187.0
../imgs/C01.bmp,128.08,128.15,32.16,187.0
../imgs/C01.bmp,128.21,128.0,32.97,187.0
../imgs/C01.bmp,128.19,128.0,32.92,187.0
../imgs/C01.bmp,128.15,128.13,32.72,187.0
../imgs/C01.bmp,128.12,128.88,32.08,187.0
../imgs/C01.bmp,128.07,128.48,32.49,187.0
../imgs/C01.bmp,128.07,128.06,32.74,187.0
../imgs/C01.bmp,128.01,128.1,32.75,187.0
../imgs/C01.bmp,147.5,103.5,0.71,360.0
../imgs/C01.bmp,128.04,128.58,32.96,187.0
../imgs/C01.bmp,128.0,128.29,32.51,187.0
../imgs/C01.bmp,128.67,128.33,32.36,187.0
../imgs/C01.bmp,128.5,128.03,32.07,187.0
../imgs/C01.bmp,128.0,128.0,32.56,187.0
../imgs/C01.bmp,149.5,105.5,0.71,360.0
../imgs/C01.bmp,128.41,128.0,32.45,187.0
../imgs/C01.bmp,128.09,128.21,32.72,187.0
../imgs/C01.bmp,128.0,128.81,32.8,187.0
../imgs/C01.bmp,128.73,128.63,32.65,187.0
../imgs/C01.bmp,128.0,128.25,32.01,187.0
../imgs/C01.bmp,128.01,128.02,32.58,187.0
../imgs/C01.bmp,128.3,128.3,32.95,187.0
../imgs/C01.bmp,128.07,128.27,32.84,187.0
../imgs/C01.bmp,147.5,103.5,0.71,360.0
../imgs/C01.bmp,128.06,128.32,32.56,187.0
../imgs/C01.bmp,128.03,128.52,32.76,187.0
../imgs/C01.bmp,128.16,128.12,32.83,187.0
../imgs/C01.bmp,143.5,100.5,0.71,360.0
../imgs/C01.bmp,128.09,128.28,32.54,187.0
../imgs/C01.bmp,128.5,128.79,32.79,187.0
../imgs/C01.bmp,128.15,128.6,32.6,187.0
../imgs/C01.bmp,105.5,151.5,0.71,360.0
../imgs/C01.bmp,128.18,128.31,32.66,187.0
../imgs/C01.bmp,128.09,128.06,32.64,187.0
../imgs/C01.bmp,128.01,128.01,32.57,187.0
../imgs/C01.bmp,128.12,128.12,32.7,187.0
../imgs/C01.bmp,128.0,128.86,32.62,187.0
../imgs/C01.bmp,128.56,128.12,32.63,187.0
../imgs/C01.bmp,128.49,128.48,32.94,187.0
../imgs/C01.bmp,128.71,128.33,32.37,187.0
../imgs/C01.bmp,128.09,128.04,32.85,187.0
../imgs/C01.bmp,128.78,128.61,32.66,187.0
../imgs/C01.bmp,128.08,128.84,32.38,187.0
../imgs/C01.bmp,147.5,103.5,0.71,360.0
../imgs/C01.bmp,128.89,128.45,32.68,187.0
../imgs/C01.bmp,128.86,128.68,32.81,187.0
../imgs/C01.bmp,128.0,128.0,32.65,187.0
../imgs/C01.bmp,128.42,128.58,32.48,187.0
../imgs/C01.bmp,128.18,128.39,32.71,187.0
../imgs/C01.bmp,128.0,128.45,32.45,187.0
../imgs/C01.bmp,128.01,128.17,32.42,187.0
../imgs/C01.bmp,128.89,128.71,32.04,187.0
../imgs/C01.bmp,142.5,100.5,0.71,360.0
../imgs/C01.bmp,128.4,128.39,32.07,187.0
../imgs/C01.bmp,128.06,128.51,32.79,187.0
../imgs/C01.bmp,128.19,128.88,32.92,187.0
../imgs/C03.bmp,174.5,85.26,23.49,188.0
../imgs/C03.bmp,59.5,185.0,1.8,269.0
../imgs/C03.bmp,174.22,85.45,23.27,188.0
../imgs/C03.bmp,174.29,85.73,23.41,188.0
../imgs/C03.bmp,174.5,85.0,23.05,188.0
../imgs/C03.bmp,174.65,85.35,23.37,188.0
../imgs/C03.bmp,174.0,85.0,23.02,188.0
../imgs/C03.bmp,174.31,85.01,23.13,188.0
../imgs/C03.bmp,174.28,85.5,23.53,188.0
../imgs/C03.bmp,174.87,85.11,23.43,188.0
../imgs/C03.bmp,174.5,85.5,23.93,188.0
../imgs/C03.bmp,174.06,85.0,23.39,188.0
../imgs/C03.bmp,174.92,85.11,23.29,188.0
../imgs/C03.bmp,174.05,85.27,23.22,188.0
../imgs/C03.bmp,174.23,85.08,23.23,188.0
../imgs/C03.bmp,174.5,85.38,23.28,188.0
../imgs/C03.bmp,174.13,85.17,23.04,188.0
../imgs/C03.bmp,174.01,85.45,23.08,188.0
../imgs/C03.bmp,174.0,85.11,23.31,188.0
../imgs/C03.bmp,59.83,185.5,1.9,269.0
../imgs/C03.bmp,59.5,185.5,1.58,269.0
../imgs/C03.bmp,59.5,185.5,1.58,269.0
../imgs/C03.bmp,174.41,85.0,23.63,188.0
../imgs/C03.bmp,174.14,85.18,23.03,188.0
../imgs/C03.bmp,28.21,123.21,2.53,210.0
../imgs/C03.bmp,174.35,85.16,23.14,188.0
../imgs/C03.bmp,59.83,185.5,1.9,269.0
../imgs/C03.bmp,174.55,85.05,23.0,188.0
../imgs/C03.bmp,174.42,85.18,23.43,188.0
../imgs/C03.bmp,174.22,85.26,23.33,188.0
../imgs/C03.bmp,174.17,85.18,23.2,188.0
../imgs/C03.bmp,174.5,85.05,23.09,188.0
../imgs/C03.bmp,174.54,85.12,23.06,188.0
../imgs/C03.bmp,174.25,85.5,23.35,188.0
../imgs/C03.bmp,174.02,85.25,23.25,188.0
../imgs/C03.bmp,174.3,85.07,23.06,188.0
../imgs/C03.bmp,60.0,186.0,2.83,209.0
../imgs/C03.bmp,174.18,85.16,23.18,188.0
../imgs/C03.bmp,174.09,85.01,23.11,188.0
../imgs/C03.bmp,174.05,85.34,23.06,188.0
../imgs/C03.bmp,174.06,85.38,23.18,188.0
../imgs/C03.bmp,174.16,85.72,23.32,188.0
../imgs/C03.bmp,46.5,143.5,5.7,137.0
../imgs/C03.bmp,174.25,85.23,23.0,188.0
../imgs/C03.bmp,174.0,85.0,23.26,188.0
../imgs/C03.bmp,174.05,85.4,23.09,188.0
../imgs/C03.bmp,174.82,85.45,23.46,188.0
../imgs/C03.bmp,174.08,85.17,23.28,188.0
../imgs/C03.bmp,174.55,85.05,23.0,188.0
../imgs/C03.bmp,174.79,85.02,23.19,188.0
../imgs/C03.bmp,174.41,85.05,23.02,188.0
../imgs/C03.bmp,174.15,85.07,23.39,188.0
../imgs/C03.bmp,174.58,85.04,23.78,188.0
../imgs/C03.bmp,174.31,85.98,23.84,188.0
../imgs/C03.bmp,174.63,85.33,23.59,188.0
../imgs/C03.bmp,174.15,85.04,23.36,188.0
../imgs/C03.bmp,174.17,85.11,23.45,188.0
../imgs/C03.bmp,174.49,85.47,23.14,188.0
../imgs/C03.bmp,174.21,85.07,23.42,188.0
../imgs/C03.bmp,174.58,85.11,23.04,188.0
../imgs/C03.bmp,174.0,85.33,23.04,188.0
../imgs/C03.bmp,174.05,85.05,23.38,188.0
../imgs/C03.bmp,60.5,186.5,2.92,209.0
../imgs/C03.bmp,25.5,123.0,1.12,269.0
../imgs/C03.bmp,174.0,85.13,23.21,188.0
../imgs/C03.bmp,174.64,85.08,23.07,188.0
../imgs/C03.bmp,174.47,85.88,23.05,188.0
../imgs/C03.bmp,174.19,85.0,23.03,188.0
../imgs/C03.bmp,174.64,85.64,23.58,188.0
../imgs/C03.bmp,174.63,85.54,23.13,188.0
../imgs/C03.bmp,174.1,85.0,23.1,188.0
../imgs/C03.bmp,174.0,85.0,23.02,188.0
../imgs/C03.bmp,174.33,85.0,23.12,188.0
../imgs/C03.bmp,174.52,85.06,23.54,188.0
../imgs/C03.bmp,69.0,161.0,1.0,181.0
../imgs/C03.bmp,60.5,186.5,2.92,209.0
../imgs/C03.bmp,174.48,85.08,23.13,188.0
../imgs/C03.bmp,174.1,85.47,23.17,188.0
../imgs/C03.bmp,174.0,85.0,23.35,188.0
../imgs/C03.bmp,174.62,85.76,23.64,188.0
../imgs/C03.bmp,174.04,85.35,23.16,188.0
../imgs/C03.bmp,174.23,85.16,23.31,188.0
../imgs/C03.bmp,174.2,85.25,23.12,188.0
../imgs/C03.bmp,174.0,85.17,23.03,188.0
../imgs/C03.bmp,174.02,85.15,23.34,188.0
../imgs/C03.bmp,174.5,85.13,23.14,188.0
../imgs/C03.bmp,174.09,85.12,23.27,188.0
../imgs/C03.bmp,91.5,152.5,1.58,180.0
../imgs/C03.bmp,40.5,128.5,0.71,360.0
../imgs/C03.bmp,174.33,85.22,23.2,188.0
../imgs/C03.bmp,174.87,85.11,23.43,188.0
../imgs/C03.bmp,174.5,85.55,23.55,188.0
../imgs/C03.bmp,174.18,85.0,23.18,188.0
../imgs/C03.bmp,174.06,85.38,23.18,188.0
../imgs/C03.bmp,174.47,85.28,23.31,188.0
../imgs/C03.bmp,174.26,85.0,23.01,188.0
../imgs/C03.bmp,174.4,85.04,23.04,188.0
../imgs/C03.bmp,174.12,85.07,23.39,188.0
../imgs/C03.bmp,174.0,85.36,23.15,188.0
../imgs/C03.bmp,174.12,85.12,23.05,188.0
../imgs/C02.bmp,128.0,128.0,32.02,187.0
../imgs/C02.bmp,128.43,128.12,32.96,187.0
../imgs/C02.bmp,128.38,128.75,32.32,187.0
../imgs/C02.bmp,105.5,104.5,0.71,360.0
../imgs/C02.bmp,128.73,128.63,32.65,187.0
../imgs/C02.bmp,143.5,155.5,0.71,360.0
../imgs/C02.bmp,128.07,128.35,32.59,187.0
../imgs/C02.bmp,128.1,128.66,32.3,187.0
../imgs/C02.bmp,128.13,128.06,32.87,187.0
../imgs/C02.bmp,128.0,128.0,32.8,187.0
../imgs/C02.bmp,128.25,128.15,32.84,187.0
../imgs/C02.bmp,143.5,100.5,0.71,360.0
../imgs/C02.bmp,128.41,128.36,32.05,187.0
../imgs/C02.bmp,105.5,104.5,0.71,360.0
../imgs/C02.bmp,128.06,128.99,32.76,187.0
../imgs/C02.bmp,128.0,128.0,32.65,187.0
../imgs/C02.bmp,128.12,128.2,32.44,187.0
../imgs/C02.bmp,105.5,104.5,0.71,360.0
../imgs/C02.bmp,128.29,128.1,32.83,187.0
../imgs/C02.bmp,128.63,128.26,32.79,187.0
../imgs/C02.bmp,179.5,186.0,2.06,209.0
../imgs/C02.bmp,128.41,128.28,32.91,187.0
../imgs/C02.bmp,128.13,128.87,32.07,187.0
../imgs/C02.bmp,128.09,128.83,32.71,187.0
../imgs/C02.bmp,128.41,128.01,32.46,187.0
../imgs/C02.bmp,143.5,155.5,0.71,360.0
../imgs/C02.bmp,128.0,128.0,32.65,187.0
../imgs/C02.bmp,128.09,128.83,32.85,187.0
../imgs/C02.bmp,147.5,103.5,0.71,360.0
../imgs/C02.bmp,128.01,128.1,32.12,187.0
../imgs/C02.bmp,128.89,128.71,32.04,187.0
../imgs/C02.bmp,128.45,128.55,32.65,187.0
../imgs/C02.bmp,128.17,128.78,32.8,187.0
../imgs/C02.bmp,128.14,128.76,32.53,187.0
../imgs/C02.bmp,128.02,128.29,32.3,187.0
../imgs/C02.bmp,128.0,128.0,32.65,187.0
../imgs/C02.bmp,128.07,128.27,32.84,187.0
../imgs/C02.bmp,143.5,100.5,0.71,360.0
../imgs/C02.bmp,128.04,128.38,32.39,187.0
../imgs/C02.bmp,128.18,128.42,32.23,187.0
../imgs/C02.bmp,128.0,128.86,32.62,187.0
../imgs/C02.bmp,128.36,128.34,32.06,187.0
../imgs/C02.bmp,128.04,128.08,32.61,187.0
../imgs/C02.bmp,128.71,128.65,32.58,187.0
../imgs/C02.bmp,128.3,128.16,32.01,187.0
../imgs/C02.bmp,128.25,128.94,32.75,187.0
../imgs/C02.bmp,128.4,128.41,32.31,187.0
../imgs/C02.bmp,128.06,128.09,32.76,187.0
../imgs/C02.bmp,128.9,128.09,32.63,187.0
../imgs/C02.bmp,128.62,128.97,32.09,187.0
../imgs/C02.bmp,143.5,156.5,1.58,269.0
../imgs/C02.bmp,128.08,128.76,32.5,187.0
../imgs/C02.bmp,128.08,128.68,32.69,187.0
../imgs/C02.bmp,128.06,128.53,32.54,187.0
../imgs/C02.bmp,128.31,128.31,32.99,187.0
../imgs/C02.bmp,147.5,103.5,0.71,360.0
../imgs/C02.bmp,105.5,104.5,0.71,360.0
../imgs/C02.bmp,128.15,128.33,32.64,187.0
../imgs/C02.bmp,128.33,128.79,32.27,187.0
../imgs/C02.bmp,128.34,128.99,32.08,187.0
../imgs/C02.bmp,128.0,128.28,32.05,187.0
../imgs/C02.bmp,128.18,128.3,32.6,187.0
../imgs/C02.bmp,128.41,128.58,32.48,187.0
../imgs/C02.bmp,128.02,128.11,32.75,187.0
../imgs/C02.bmp,128.13,128.09,32.85,187.0
../imgs/C02.bmp,128.24,128.29,32.14,187.0
../imgs/C02.bmp,128.25,128.45,32.56,187.0
../imgs/C02.bmp,128.62,128.0,32.97,187.0
../imgs/C02.bmp,128.2,128.27,32.64,187.0
../imgs/C02.bmp,128.62,128.3,32.82,187.0
../imgs/C02.bmp,128.56,128.12,32.63,187.0
../imgs/C02.bmp,128.39,128.31,32.41,187.0
../imgs/C02.bmp,128.06,128.27,32.67,187.0
../imgs/C02.bmp,128.19,128.42,32.38,187.0
../imgs/C02.bmp,128.34,128.11,32.73,187.0
../imgs/C02.bmp,128.73,128.9,32.9,187.0
../imgs/C02.bmp,128.49,128.46,32.92,187.0
../imgs/C02.bmp,128.12,128.16,32.46,187.0
../imgs/C02.bmp,128.6,128.87,32.34,187.0
../imgs/C02.bmp,128.5,128.83,32.7,187.0
../imgs/C02.bmp,128.31,128.21,32.83,187.0
../imgs/C02.bmp,128.15,128.02,32.35,187.0
../imgs/C02.bmp,128.03,128.05,32.61,187.0
../imgs/C02.bmp,128.34,128.8,32.59,187.0
../imgs/C02.bmp,128.0,128.0,32.65,187.0
../imgs/C02.bmp,128.35,128.3,32.4,187.0
../imgs/C02.bmp,128.0,128.0,32.56,187.0
../imgs/C02.bmp,105.5,104.5,0.71,360.0
../imgs/C02.bmp,128.6,128.31,32.81,187.0
../imgs/C02.bmp,128.91,128.64,32.87,187.0
../imgs/C02.bmp,128.03,128.43,32.49,187.0
../imgs/C02.bmp,128.09,128.06,32.75,187.0
../imgs/C02.bmp,128.1,128.63,32.94,187.0
../imgs/C02.bmp,128.16,128.65,32.19,187.0
../imgs/C02.bmp,128.0,128.25,32.01,187.0
../imgs/C02.bmp,128.1,128.4,32.55,187.0
../imgs/C02.bmp,128.33,128.1,32.72,187.0
../imgs/C02.bmp,128.35,128.03,32.41,187.0
../imgs/C02.bmp,105.5,104.5,0.71,360.0
../imgs/C02.bmp,128.26,128.0,32.98,187.0
../imgs/C05.bmp,126.0,129.12,31.14,188.0
../imgs/C05.bmp,156.5,122.5,1.58,270.0
../imgs/C05.bmp,126.14,129.0,31.01,188.0
../imgs/C05.bmp,126.23,129.31,31.05,188.0
../imgs/C05.bmp,126.2,129.19,31.22,188.0
../imgs/C05.bmp,126.06,129.14,31.44,188.0
../imgs/C05.bmp,126.37,129.1,31.05,188.0
../imgs/C05.bmp,126.15,129.18,31.2,188.0
../imgs/C05.bmp,126.13,129.24,31.04,188.0
../imgs/C05.bmp,126.0,129.17,31.28,188.0
../imgs/C05.bmp,156.5,122.5,1.58,270.0
../imgs/C05.bmp,126.17,130.71,31.9,188.0
../imgs/C05.bmp,126.4,129.34,31.01,188.0
../imgs/C05.bmp,126.08,129.05,31.02,188.0
../imgs/C05.bmp,126.94,129.02,31.72,188.0
../imgs/C05.bmp,126.8,129.09,31.79,188.0
../imgs/C05.bmp,126.14,129.0,31.19,188.0
../imgs/C05.bmp,126.01,129.38,31.04,188.0
../imgs/C05.bmp,126.09,129.18,31.09,188.0
../imgs/C05.bmp,126.14,130.03,31.72,188.0
../imgs/C05.bmp,126.49,129.2,31.13,188.0
../imgs/C05.bmp,126.31,129.0,31.1,188.0
../imgs/C05.bmp,126.22,129.16,31.16,188.0
../imgs/C05.bmp,82.5,83.5,2.55,209.0
../imgs/C05.bmp,126.15,129.05,31.14,188.0
../imgs/C05.bmp,126.08,129.07,31.14,188.0
../imgs/C05.bmp,126.03,129.99,31.03,188.0
../imgs/C05.bmp,126.43,130.21,31.86,188.0
../imgs/C05.bmp,126.18,129.96,31.44,188.0
../imgs/C05.bmp,126.84,129.57,31.84,188.0
../imgs/C05.bmp,67.0,83.0,2.24,239.0
../imgs/C05.bmp,126.06,129.11,31.12,188.0
../imgs/C05.bmp,126.21,129.01,31.11,188.0
../imgs/C05.bmp,126.47,130.37,31.41,188.0
../imgs/C05.bmp,126.26,129.26,31.37,188.0
../imgs/C05.bmp,102.5,85.0,1.8,269.0
../imgs/C05.bmp,62.0,83.0,2.24,239.0
../imgs/C05.bmp,126.03,129.0,31.05,188.0
../imgs/C05.bmp,126.13,129.32,31.14,188.0
../imgs/C05.bmp,126.87,129.33,31.71,188.0
../imgs/C05.bmp,126.35,129.06,31.02,188.0
../imgs/C05.bmp,126.6,129.27,31.42,188.0
../imgs/C05.bmp,126.83,130.16,31.98,188.0
../imgs/C05.bmp,126.45,130.0,31.59,188.0
../imgs/C05.bmp,126.06,129.62,31.08,188.0
../imgs/C05.bmp,126.35,129.94,31.42,188.0
../imgs/C05.bmp,126.38,129.94,31.4,188.0
../imgs/C05.bmp,126.17,129.28,31.19,188.0
../imgs/C05.bmp,126.18,129.18,31.11,188.0
../imgs/C05.bmp,126.04,129.19,31.2,188.0
../imgs/C05.bmp,126.34,129.0,31.01,188.0
../imgs/C05.bmp,126.11,129.18,31.42,188.0
../imgs/C05.bmp,126.87,130.11,31.93,188.0
../imgs/C05.bmp,126.16,129.3,31.31,188.0
../imgs/C05.bmp,221.5,96.0,1.12,270.0
../imgs/C05.bmp,147.5,106.5,0.71,360.0
../imgs/C05.bmp,126.08,129.59,31.09,188.0
../imgs/C05.bmp,126.19,129.1,31.09,188.0
../imgs/C05.bmp,126.09,129.0,31.3,188.0
../imgs/C05.bmp,126.85,129.63,31.85,188.0
../imgs/C05.bmp,126.33,130.33,31.71,188.0
../imgs/C05.bmp,126.23,129.01,31.11,188.0
../imgs/C05.bmp,126.05,129.53,31.16,188.0
../imgs/C05.bmp,126.0,129.52,31.19,188.0
../imgs/C05.bmp,126.5,129.42,31.46,188.0
../imgs/C05.bmp,126.52,129.09,31.04,188.0
../imgs/C05.bmp,126.25,129.88,31.31,188.0
../imgs/C05.bmp,126.4,129.04,31.25,188.0
../imgs/C05.bmp,126.11,129.26,31.16,188.0
../imgs/C05.bmp,126.19,129.79,31.12,188.0
../imgs/C05.bmp,126.05,129.07,31.07,188.0
../imgs/C05.bmp,126.47,129.68,31.58,188.0
../imgs/C05.bmp,126.27,129.03,31.28,188.0
../imgs/C05.bmp,126.95,129.03,31.09,188.0
../imgs/C05.bmp,126.66,129.07,31.28,188.0
../imgs/C05.bmp,126.07,129.33,31.03,188.0
../imgs/C05.bmp,126.43,130.21,31.86,188.0
../imgs/C05.bmp,126.26,129.07,31.51,188.0
../imgs/C05.bmp,126.48,129.04,31.14,188.0
../imgs/C05.bmp,126.39,129.23,31.24,188.0
../imgs/C05.bmp,126.06,129.3,31.28,188.0
../imgs/C05.bmp,126.08,129.11,31.16,188.0
../imgs/C05.bmp,126.05,129.01,31.05,188.0
../imgs/C05.bmp,126.32,130.24,31.75,188.0
../imgs/C05.bmp,126.0,129.73,31.18,188.0
../imgs/C05.bmp,126.55,129.34,31.65,188.0
../imgs/C05.bmp,126.02,129.21,31.23,188.0
../imgs/C05.bmp,126.05,129.25,31.05,188.0
../imgs/C05.bmp,69.5,83.17,2.64,239.0
../imgs/C05.bmp,126.06,129.37,31.09,188.0
../imgs/C05.bmp,126.29,129.17,31.29,188.0
../imgs/C05.bmp,126.02,129.05,31.09,188.0
../imgs/C05.bmp,126.01,129.01,31.39,188.0
../imgs/C05.bmp,126.07,129.13,31.19,188.0
../imgs/C05.bmp,126.17,129.17,31.11,188.0
../imgs/C05.bmp,199.86,72.71,2.95,209.0
../imgs/C05.bmp,126.02,129.06,31.13,188.0
../imgs/C05.bmp,126.4,129.01,31.19,188.0
../imgs/C05.bmp,126.16,129.41,31.03,188.0
../imgs/C05.bmp,126.54,129.5,31.7,188.0
../imgs/C04.bmp,238.55,68.09,8.11,196.0
../imgs/C04.bmp,174.07,85.07,23.44,188.0
../imgs/C04.bmp,238.6,68.47,8.62,196.0
../imgs/C04.bmp,131.5,16.5,0.71,360.0
../imgs/C04.bmp,174.07,85.19,23.24,188.0
../imgs/C04.bmp,170.0,26.21,9.26,163.0
../imgs/C04.bmp,160.5,20.5,3.54,187.0
../imgs/C04.bmp,174.0,85.12,23.21,188.0
../imgs/C04.bmp,174.13,85.0,23.22,188.0
../imgs/C04.bmp,120.5,29.34,13.35,143.0
../imgs/C04.bmp,174.14,85.41,23.14,188.0
../imgs/C04.bmp,174.25,85.19,23.12,188.0
../imgs/C04.bmp,174.17,85.05,23.37,188.0
../imgs/C04.bmp,238.58,68.04,8.16,196.0
../imgs/C04.bmp,174.0,85.0,23.02,188.0
../imgs/C04.bmp,174.0,85.39,23.42,188.0
../imgs/C04.bmp,174.52,85.1,23.15,188.0
../imgs/C04.bmp,174.14,85.19,23.03,188.0
../imgs/C04.bmp,174.58,85.02,23.12,188.0
../imgs/C04.bmp,174.23,85.25,23.39,188.0
../imgs/C04.bmp,174.0,85.2,23.22,188.0
../imgs/C04.bmp,238.49,68.29,8.66,196.0
../imgs/C04.bmp,174.66,85.63,23.08,188.0
../imgs/C04.bmp,166.0,26.0,9.85,164.0
../imgs/C04.bmp,238.5,68.77,8.79,196.0
../imgs/C04.bmp,174.05,85.63,23.06,188.0
../imgs/C04.bmp,174.38,85.06,23.07,188.0
../imgs/C04.bmp,174.05,85.12,23.32,188.0
../imgs/C04.bmp,174.07,85.31,23.07,188.0
../imgs/C04.bmp,174.34,85.51,23.27,188.0
../imgs/C04.bmp,238.54,68.0,8.17,196.0
../imgs/C04.bmp,174.03,85.05,23.05,188.0
../imgs/C04.bmp,174.47,85.39,23.44,188.0
../imgs/C04.bmp,174.49,85.54,23.54,188.0
../imgs/C04.bmp,238.02,68.03,8.57,196.0
../imgs/C04.bmp,174.0,85.29,23.14,188.0
../imgs/C04.bmp,238.06,68.57,8.81,196.0
../imgs/C04.bmp,174.52,85.1,23.15,188.0
../imgs/C04.bmp,238.0,67.0,8.6,195.0
../imgs/C04.bmp,174.0,85.0,23.02,188.0
../imgs/C04.bmp,170.12,26.0,9.9,163.0
../imgs/C04.bmp,174.15,85.4,23.28,188.0
../imgs/C04.bmp,174.16,85.42,23.07,188.0
../imgs/C04.bmp,174.19,85.16,23.19,188.0
../imgs/C04.bmp,174.0,85.15,23.18,188.0
../imgs/C04.bmp,174.09,85.26,23.29,188.0
../imgs/C04.bmp,174.22,85.28,23.45,188.0
../imgs/C04.bmp,174.45,85.4,23.45,188.0
../imgs/C04.bmp,174.07,85.08,23.36,188.0
../imgs/C04.bmp,174.06,85.25,23.06,188.0
../imgs/C04.bmp,174.5,85.5,23.51,188.0
../imgs/C04.bmp,174.77,85.11,23.6,188.0
../imgs/C04.bmp,174.12,85.36,23.16,188.0
../imgs/C04.bmp,174.78,85.08,23.23,188.0
../imgs/C04.bmp,174.0,85.75,23.16,188.0
../imgs/C04.bmp,238.59,68.1,8.85,196.0
../imgs/C04.bmp,174.08,85.04,23.26,188.0
../imgs/C04.bmp,174.22,85.35,23.46,188.0
../imgs/C04.bmp,174.82,85.79,23.81,188.0
../imgs/C04.bmp,174.0,85.36,23.15,188.0
../imgs/C04.bmp,174.0,85.5,23.26,188.0
../imgs/C04.bmp,174.19,85.06,23.28,188.0
../imgs/C04.bmp,166.29,26.14,9.72,164.0
../imgs/C04.bmp,174.0,85.56,23.0,188.0
../imgs/C04.bmp,177.0,19.0,2.24,209.0
../imgs/C04.bmp,115.0,18.38,2.58,209.0
../imgs/C04.bmp,238.0,68.0,8.94,196.0
../imgs/C04.bmp,162.5,138.5,13.73,143.0
../imgs/C04.bmp,174.41,85.0,23.13,188.0
../imgs/C04.bmp,174.6,85.62,23.66,188.0
../imgs/C04.bmp,238.0,68.71,8.77,196.0
../imgs/C04.bmp,174.54,85.0,23.09,188.0
../imgs/C04.bmp,174.5,85.5,23.51,188.0
../imgs/C04.bmp,174.65,85.12,23.17,188.0
../imgs/C04.bmp,238.43,67.0,8.95,195.0
../imgs/C04.bmp,174.3,85.22,23.31,188.0
../imgs/C04.bmp,174.22,85.07,23.24,188.0
../imgs/C04.bmp,174.58,85.0,23.02,188.0
../imgs/C04.bmp,59.0,185.5,1.8,269.0
../imgs/C04.bmp,174.0,85.16,23.18,188.0
../imgs/C04.bmp,174.76,85.05,23.06,188.0
../imgs/C04.bmp,174.24,85.39,23.12,188.0
../imgs/C04.bmp,238.5,68.5,8.51,196.0
../imgs/C04.bmp,174.39,85.19,23.23,188.0
../imgs/C04.bmp,174.53,85.01,23.03,188.0
../imgs/C04.bmp,174.65,85.44,23.32,188.0
../imgs/C04.bmp,174.44,85.24,23.24,188.0
../imgs/C04.bmp,238.0,68.75,8.75,196.0
../imgs/C04.bmp,174.28,85.42,23.29,188.0
../imgs/C04.bmp,186.5,104.5,0.71,360.0
../imgs/C04.bmp,174.57,85.79,23.79,188.0
../imgs/C04.bmp,174.02,85.05,23.32,188.0
../imgs/C04.bmp,174.7,85.47,23.35,188.0
../imgs/C04.bmp,238.54,68.01,8.16,196.0
../imgs/C04.bmp,174.39,85.35,23.39,188.0
../imgs/C04.bmp,238.83,68.5,8.96,196.0
../imgs/C04.bmp,174.17,85.17,23.01,188.0
../imgs/C04.bmp,238.0,68.43,8.95,196.0
../imgs/C04.bmp,174.0,85.0,23.02,188.0
../imgs/C04.bmp,159.5,19.5,2.55,209.0
../imgs/auto.bmp,523.65,165.3,62.61,170.0
../imgs/auto.bmp,523.11,165.09,63.28,200.0
../imgs/auto.bmp,523.11,165.28,63.25,200.0
../imgs/auto.bmp,13.98,13.42,14.71,161.0
../imgs/auto.bmp,523.68,165.04,63.19,200.0
../imgs/auto.bmp,364.0,1.75,2.02,298.0
../imgs/auto.bmp,523.23,165.02,69.35,171.0
../imgs/auto.bmp,523.56,165.8,62.37,170.0
../imgs/auto.bmp,238.0,335.5,2.69,179.0
../imgs/auto.bmp,523.1,165.4,62.19,170.0
../imgs/auto.bmp,523.15,164.45,69.02,159.0
../imgs/auto.bmp,523.52,165.69,63.25,200.0
../imgs/auto.bmp,523.2,165.24,69.27,171.0
../imgs/auto.bmp,523.11,165.04,63.59,200.0
../imgs/auto.bmp,523.35,166.0,63.29,200.0
../imgs/auto.bmp,523.0,165.5,62.7,170.0
../imgs/auto.bmp,523.0,165.5,63.02,200.0
../imgs/auto.bmp,326.5,340.43,8.56,117.0
../imgs/auto.bmp,522.79,166.9,63.31,153.0
../imgs/auto.bmp,523.24,165.44,63.71,200.0
../imgs/auto.bmp,547.82,292.41,6.84,124.0
../imgs/auto.bmp,243.33,330.0,4.01,198.0
../imgs/auto.bmp,523.01,164.05,69.1,159.0
../imgs/auto.bmp,291.0,339.0,2.24,239.0
../imgs/auto.bmp,523.52,164.03,70.72,143.0
../imgs/auto.bmp,523.09,165.24,63.03,200.0
../imgs/auto.bmp,523.0,165.06,69.86,171.0
../imgs/auto.bmp,523.93,165.18,63.47,200.0
../imgs/auto.bmp,522.69,165.59,63.63,169.0
../imgs/auto.bmp,545.0,297.0,5.1,175.0
../imgs/auto.bmp,523.52,165.31,63.03,200.0
../imgs/auto.bmp,523.32,165.25,63.1,200.0
../imgs/auto.bmp,522.65,165.29,63.64,169.0
../imgs/auto.bmp,523.65,165.24,62.28,170.0
../imgs/auto.bmp,523.51,165.49,63.66,200.0
../imgs/auto.bmp,523.46,165.57,63.69,200.0
../imgs/auto.bmp,543.59,300.14,4.18,188.0
../imgs/auto.bmp,523.22,165.47,69.33,171.0
../imgs/auto.bmp,523.61,165.49,62.35,170.0
../imgs/auto.bmp,523.77,165.32,63.5,200.0
../imgs/auto.bmp,523.29,165.23,69.11,171.0
../imgs/auto.bmp,523.89,165.74,63.16,200.0
../imgs/auto.bmp,523.07,165.94,62.09,170.0
../imgs/auto.bmp,523.3,165.8,63.01,200.0
../imgs/auto.bmp,523.64,165.0,63.23,200.0
../imgs/auto.bmp,523.28,165.27,69.31,171.0
../imgs/auto.bmp,523.22,165.83,63.32,200.0
../imgs/auto.bmp,523.13,165.68,63.56,200.0
../imgs/auto.bmp,523.67,165.25,63.27,200.0
../imgs/auto.bmp,523.56,165.87,63.11,200.0
../imgs/auto.bmp,523.47,165.61,63.57,200.0
../imgs/auto.bmp,523.99,165.2,63.17,200.0
../imgs/auto.bmp,523.53,165.94,63.82,200.0
../imgs/auto.bmp,493.58,332.56,11.51,113.0
../imgs/auto.bmp,523.1,165.31,63.5,200.0
../imgs/auto.bmp,523.05,165.37,63.48,200.0
../imgs/auto.bmp,523.07,165.08,63.02,200.0
../imgs/auto.bmp,467.62,335.5,6.64,136.0
../imgs/auto.bmp,395.03,331.05,7.05,177.0
../imgs/auto.bmp,523.09,166.17,63.5,190.0
../imgs/auto.bmp,523.22,165.21,63.06,200.0
../imgs/auto.bmp,523.21,165.09,62.4,170.0
../imgs/auto.bmp,523.27,165.41,63.41,200.0
../imgs/auto.bmp,523.65,165.4,63.13,200.0
../imgs/auto.bmp,524.65,165.25,63.66,170.0
../imgs/auto.bmp,346.36,334.21,3.23,197.0
../imgs/auto.bmp,523.41,165.79,63.15,200.0
../imgs/auto.bmp,523.69,165.75,63.38,200.0
../imgs/auto.bmp,522.43,165.79,63.26,169.0
../imgs/auto.bmp,522.91,165.0,63.2,169.0
../imgs/auto.bmp,523.17,165.5,62.64,170.0
../imgs/auto.bmp,331.5,397.5,3.54,141.0
../imgs/auto.bmp,523.43,165.57,63.36,200.0
../imgs/auto.bmp,523.17,165.15,63.03,200.0
../imgs/auto.bmp,523.34,165.18,63.07,200.0
../imgs/auto.bmp,523.26,166.05,63.72,190.0
../imgs/auto.bmp,523.0,164.5,69.76,159.0
../imgs/auto.bmp,523.7,165.18,69.02,171.0
../imgs/auto.bmp,523.33,165.01,63.25,200.0
../imgs/auto.bmp,523.44,166.95,63.37,190.0
../imgs/auto.bmp,523.05,164.21,69.27,159.0
../imgs/auto.bmp,523.68,165.4,63.15,200.0
../imgs/auto.bmp,523.3,165.24,62.99,170.0
../imgs/auto.bmp,523.83,165.63,62.41,170.0
../imgs/auto.bmp,522.2,165.12,69.12,150.0
../imgs/auto.bmp,523.48,165.23,62.88,170.0
../imgs/auto.bmp,158.71,333.97,7.97,136.0
../imgs/auto.bmp,86.0,239.0,2.24,180.0
../imgs/auto.bmp,524.27,165.55,63.29,170.0
../imgs/auto.bmp,523.57,165.05,63.3,200.0
../imgs/auto.bmp,523.62,165.86,63.75,200.0
../imgs/auto.bmp,523.26,165.56,63.28,200.0
../imgs/auto.bmp,523.56,165.12,69.12,171.0
../imgs/auto.bmp,523.22,165.1,63.16,200.0
../imgs/auto.bmp,230.0,330.36,4.79,183.0
../imgs/auto.bmp,523.22,165.69,62.32,170.0
../imgs/auto.bmp,523.7,165.18,69.02,171.0
../imgs/auto.bmp,523.82,165.39,63.22,200.0
../imgs/auto.bmp,523.34,166.18,63.45,190.0
../imgs/auto.bmp,522.72,165.33,69.66,150.0
../imgs/lamp.bmp,237.0,7.33,7.6,164.0
../imgs/lamp.bmp,183.5,6.19,7.65,192.0
../imgs/lamp.bmp,56.08,11.0,12.09,153.0
../imgs/lamp.bmp,195.07,6.91,7.17,219.0
../imgs/lamp.bmp,296.5,2.17,2.64,270.0
../imgs/lamp.bmp,298.95,8.57,9.63,171.0
../imgs/lamp.bmp,304.37,9.58,10.69,185.0
../imgs/lamp.bmp,205.5,141.5,1.58,271.0
../imgs/lamp.bmp,285.31,14.69,15.18,129.0
../imgs/lamp.bmp,300.1,75.5,7.58,164.0
../imgs/lamp.bmp,316.89,9.37,10.23,190.0
../imgs/lamp.bmp,215.55,20.87,21.01,150.0
../imgs/lamp.bmp,184.42,6.15,7.66,171.0
../imgs/lamp.bmp,243.6,6.82,7.62,197.0
../imgs/lamp.bmp,315.3,1.3,1.84,360.0
../imgs/lamp.bmp,156.0,7.04,8.51,176.0
../imgs/lamp.bmp,216.5,1.5,1.58,359.0
../imgs/lamp.bmp,179.51,7.42,7.83,164.0
../imgs/lamp.bmp,255.5,6.0,6.02,201.0
../imgs/lamp.bmp,264.55,5.0,6.76,204.0
../imgs/lamp.bmp,273.82,2.97,2.98,240.0
../imgs/lamp.bmp,298.86,4.0,5.95,198.0
../imgs/lamp.bmp,310.5,2.5,3.54,243.0
../imgs/lamp.bmp,199.19,9.77,10.2,191.0
../imgs/lamp.bmp,285.17,204.21,67.2,169.0
../imgs/lamp.bmp,226.87,10.93,11.18,159.0
../imgs/lamp.bmp,313.2,10.08,9.26,171.0
../imgs/lamp.bmp,291.76,8.13,9.83,165.0
../imgs/lamp.bmp,255.92,5.71,6.93,224.0
../imgs/lamp.bmp,198.0,10.0,11.4,137.0
../imgs/lamp.bmp,290.13,3.65,4.1,213.0
../imgs/lamp.bmp,293.53,10.47,11.81,174.0
../imgs/lamp.bmp,215.64,20.51,21.64,150.0
../imgs/lamp.bmp,304.83,10.95,11.4,157.0
../imgs/lamp.bmp,260.5,0.5,2.55,239.0
../imgs/lamp.bmp,293.57,12.77,11.78,170.0
../imgs/lamp.bmp,316.0,9.84,10.16,190.0
../imgs/lamp.bmp,254.96,5.35,6.11,207.0
../imgs/lamp.bmp,278.0,97.0,2.24,300.0
../imgs/lamp.bmp,199.92,9.87,10.68,191.0
../imgs/lamp.bmp,216.7,21.89,22.52,149.0
../imgs/lamp.bmp,250.18,6.6,7.62,164.0
../imgs/lamp.bmp,256.0,4.6,5.49,197.0
../imgs/lamp.bmp,69.38,9.62,3.64,203.0
../imgs/lamp.bmp,289.5,1.5,1.58,360.0
../imgs/lamp.bmp,307.56,5.0,5.36,192.0
../imgs/lamp.bmp,151.0,8.75,8.0,177.0
../imgs/lamp.bmp,292.45,3.77,4.5,213.0
../imgs/lamp.bmp,143.79,10.85,5.86,164.0
../imgs/lamp.bmp,284.48,202.27,66.32,156.0
../imgs/lamp.bmp,282.0,20.53,15.66,145.0
../imgs/lamp.bmp,255.0,5.0,6.4,224.0
../imgs/lamp.bmp,270.58,4.0,4.67,251.0
../imgs/lamp.bmp,183.63,6.4,7.11,192.0
../imgs/lamp.bmp,249.12,6.25,7.34,160.0
../imgs/lamp.bmp,179.79,15.69,16.88,160.0
../imgs/lamp.bmp,239.7,95.32,11.78,146.0
../imgs/lamp.bmp,288.5,0.5,0.71,360.0
../imgs/lamp.bmp,195.82,5.41,6.84,175.0
../imgs/lamp.bmp,313.92,10.56,9.61,171.0
../imgs/lamp.bmp,308.62,5.81,6.72,188.0
../imgs/lamp.bmp,256.24,6.82,5.95,193.0
../imgs/lamp.bmp,268.75,4.0,5.15,245.0
../imgs/lamp.bmp,274.56,2.28,2.76,240.0
../imgs/lamp.bmp,278.86,78.59,7.27,150.0
../imgs/lamp.bmp,220.5,0.5,0.71,360.0
../imgs/lamp.bmp,285.12,203.4,66.32,169.0
../imgs/lamp.bmp,272.5,1.5,1.58,360.0
../imgs/lamp.bmp,205.92,13.0,14.35,155.0
../imgs/lamp.bmp,271.02,4.13,5.09,253.0
../imgs/lamp.bmp,284.5,202.5,66.5,156.0
../imgs/lamp.bmp,281.5,3.5,3.81,237.0
../imgs/lamp.bmp,288.0,2.2,2.97,270.0
../imgs/lamp.bmp,274.7,4.3,5.42,221.0
../imgs/lamp.bmp,293.25,1.25,1.77,360.0
../imgs/lamp.bmp,68.5,7.0,2.06,269.0
../imgs/lamp.bmp,286.5,3.0,3.2,272.0
../imgs/lamp.bmp,300.19,9.5,10.3,175.0
../imgs/lamp.bmp,205.5,5.4,6.44,183.0
../imgs/lamp.bmp,210.5,8.94,9.6,165.0
../imgs/lamp.bmp,183.71,7.35,7.36,221.0
../imgs/lamp.bmp,232.33,7.64,8.78,154.0
../imgs/lamp.bmp,292.0,3.71,3.85,229.0
../imgs/lamp.bmp,274.0,18.5,18.5,139.0
../imgs/lamp.bmp,284.3,203.19,66.48,156.0
../imgs/lamp.bmp,304.64,5.64,6.57,169.0
../imgs/lamp.bmp,68.5,8.83,1.9,360.0
../imgs/lamp.bmp,303.5,5.23,5.79,183.0
../imgs/lamp.bmp,200.13,3.97,4.13,176.0
../imgs/lamp.bmp,194.5,2.9,3.26,249.0
../imgs/lamp.bmp,188.82,6.39,7.64,173.0
../imgs/lamp.bmp,287.81,6.98,7.68,149.0
../imgs/lamp.bmp,270.5,4.39,4.64,251.0
../imgs/lamp.bmp,274.6,17.13,18.66,146.0
../imgs/lamp.bmp,274.88,4.76,5.12,221.0
../imgs/lamp.bmp,242.4,12.36,13.14,133.0
../imgs/lamp.bmp,285.68,204.12,67.69,169.0
../imgs/lamp.bmp,233.88,6.08,7.21,165.0
../imgs/lamp.bmp,284.36,202.67,66.1,156.0
../imgs/lamp.bmp,249.79,1.36,1.82,359.0
